-- phpMyAdmin SQL Dump
-- version 5.2.0
-- https://www.phpmyadmin.net/
--
-- Hôte : 127.0.0.1:3306
-- Généré le : lun. 15 mai 2023 à 20:59
-- Version du serveur : 8.0.32
-- Version de PHP : 8.0.26

SET SQL_MODE = "NO_AUTO_VALUE_ON_ZERO";
START TRANSACTION;
SET time_zone = "+00:00";


/*!40101 SET @OLD_CHARACTER_SET_CLIENT=@@CHARACTER_SET_CLIENT */;
/*!40101 SET @OLD_CHARACTER_SET_RESULTS=@@CHARACTER_SET_RESULTS */;
/*!40101 SET @OLD_COLLATION_CONNECTION=@@COLLATION_CONNECTION */;
/*!40101 SET NAMES utf8mb4 */;

--
-- Base de données : `ehealth`
--

-- --------------------------------------------------------

--
-- Structure de la table `classe`
--

DROP TABLE IF EXISTS `classe`;
CREATE TABLE IF NOT EXISTS `classe` (
  `id_classe` varchar(30) NOT NULL,
  `nom_classe` varchar(30) NOT NULL,
  `annee` int NOT NULL,
  `id_ecole` int NOT NULL,
  PRIMARY KEY (`id_classe`),
  KEY `id_ecole` (`id_ecole`)
) ENGINE=InnoDB DEFAULT CHARSET=utf8mb4 COLLATE=utf8mb4_0900_ai_ci;

--
-- Déchargement des données de la table `classe`
--

INSERT INTO `classe` (`id_classe`, `nom_classe`, `annee`, `id_ecole`) VALUES
('1-c1', '4A', 4, 1),
('1-c2', '1A', 1, 1),
('1-c3', '1A', 1, 1),
('1-c4', '1A', 1, 1),
('10-c1', '1A', 1, 10),
('10-c2', '4A', 4, 10),
('10-c3', '4A', 4, 10),
('10-c4', '3A', 3, 10),
('11-c1', '4A', 4, 11),
('11-c2', '1A', 1, 11),
('11-c3', '1A', 1, 11),
('11-c4', '3A', 3, 11),
('12-c1', '2A', 2, 12),
('12-c2', '2A', 2, 12),
('12-c3', '4A', 4, 12),
('12-c4', '1A', 1, 12),
('13-c1', '2A', 2, 13),
('13-c2', '2A', 2, 13),
('13-c3', '4A', 4, 13),
('13-c4', '4A', 4, 13),
('14-c1', '1A', 1, 14),
('14-c2', '2A', 2, 14),
('14-c3', '3A', 3, 14),
('14-c4', '2A', 2, 14),
('15-c1', '4A', 4, 15),
('15-c2', '4A', 4, 15),
('15-c3', '1A', 1, 15),
('15-c4', '2A', 2, 15),
('16-c1', '1A', 1, 16),
('16-c2', '2A', 2, 16),
('16-c3', '1A', 1, 16),
('16-c4', '3A', 3, 16),
('17-c1', '3A', 3, 17),
('17-c2', '4A', 4, 17),
('17-c3', '4A', 4, 17),
('17-c4', '1A', 1, 17),
('18-c1', '1A', 1, 18),
('18-c2', '4A', 4, 18),
('18-c3', '3A', 3, 18),
('18-c4', '3A', 3, 18),
('19-c1', '4A', 4, 19),
('19-c2', '3A', 3, 19),
('19-c3', '2A', 2, 19),
('19-c4', '4A', 4, 19),
('2-c1', '4A', 4, 2),
('2-c2', '1A', 1, 2),
('2-c3', '1A', 1, 2),
('2-c4', '1A', 1, 2),
('20-c1', '1A', 1, 20),
('20-c2', '2A', 2, 20),
('20-c3', '2A', 2, 20),
('20-c4', '1A', 1, 20),
('21-c1', '1A', 1, 21),
('21-c2', '3A', 3, 21),
('21-c3', '1A', 1, 21),
('21-c4', '1A', 1, 21),
('22-c1', '4A', 4, 22),
('22-c2', '1A', 1, 22),
('22-c3', '4A', 4, 22),
('22-c4', '3A', 3, 22),
('23-c1', '2A', 2, 23),
('23-c2', '1A', 1, 23),
('23-c3', '3A', 3, 23),
('23-c4', '2A', 2, 23),
('24-c1', '2A', 2, 24),
('24-c2', '3A', 3, 24),
('24-c3', '1A', 1, 24),
('24-c4', '4A', 4, 24),
('25-c1', '2A', 2, 25),
('25-c2', '4A', 4, 25),
('25-c3', '1A', 1, 25),
('25-c4', '2A', 2, 25),
('26-c1', '3A', 3, 26),
('26-c2', '3A', 3, 26),
('26-c3', '1A', 1, 26),
('26-c4', '4A', 4, 26),
('27-c1', '4A', 4, 27),
('27-c2', '4A', 4, 27),
('27-c3', '2A', 2, 27),
('27-c4', '3A', 3, 27),
('28-c1', '1A', 1, 28),
('28-c2', '4A', 4, 28),
('28-c3', '1A', 1, 28),
('28-c4', '4A', 4, 28),
('29-c1', '1A', 1, 29),
('29-c2', '1A', 1, 29),
('29-c3', '1A', 1, 29),
('29-c4', '4A', 4, 29),
('3-c1', '3A', 3, 3),
('3-c2', '2A', 2, 3),
('3-c3', '1A', 1, 3),
('3-c4', '2A', 2, 3),
('30-c1', '3A', 3, 30),
('30-c2', '3A', 3, 30),
('30-c3', '2A', 2, 30),
('30-c4', '4A', 4, 30),
('31-c1', '1A', 1, 31),
('31-c2', '3A', 3, 31),
('31-c3', '2A', 2, 31),
('31-c4', '3A', 3, 31),
('32-c1', '1A', 1, 32),
('32-c2', '2A', 2, 32),
('32-c3', '1A', 1, 32),
('32-c4', '1A', 1, 32),
('33-c1', '4A', 4, 33),
('33-c2', '4A', 4, 33),
('33-c3', '3A', 3, 33),
('33-c4', '2A', 2, 33),
('34-c1', '4A', 4, 34),
('34-c2', '1A', 1, 34),
('34-c3', '2A', 2, 34),
('34-c4', '4A', 4, 34),
('35-c1', '1A', 1, 35),
('35-c2', '3A', 3, 35),
('35-c3', '4A', 4, 35),
('35-c4', '4A', 4, 35),
('36-c1', '3A', 3, 36),
('36-c2', '4A', 4, 36),
('36-c3', '2A', 2, 36),
('36-c4', '1A', 1, 36),
('37-c1', '1A', 1, 37),
('37-c2', '3A', 3, 37),
('37-c3', '4A', 4, 37),
('37-c4', '4A', 4, 37),
('38-c1', '1A', 1, 38),
('38-c2', '4A', 4, 38),
('38-c3', '3A', 3, 38),
('38-c4', '4A', 4, 38),
('39-c1', '4A', 4, 39),
('39-c2', '2A', 2, 39),
('39-c3', '3A', 3, 39),
('39-c4', '3A', 3, 39),
('4-c1', '1A', 1, 4),
('4-c2', '3A', 3, 4),
('4-c3', '2A', 2, 4),
('4-c4', '1A', 1, 4),
('40-c1', '3A', 3, 40),
('40-c2', '2A', 2, 40),
('40-c3', '4A', 4, 40),
('40-c4', '3A', 3, 40),
('41-c1', '2A', 2, 41),
('41-c2', '4A', 4, 41),
('41-c3', '4A', 4, 41),
('41-c4', '1A', 1, 41),
('42-c1', '2A', 2, 42),
('42-c2', '1A', 1, 42),
('42-c3', '2A', 2, 42),
('42-c4', '4A', 4, 42),
('43-c1', '2A', 2, 43),
('43-c2', '2A', 2, 43),
('43-c3', '2A', 2, 43),
('43-c4', '1A', 1, 43),
('44-c1', '3A', 3, 44),
('44-c2', '2A', 2, 44),
('44-c3', '1A', 1, 44),
('44-c4', '1A', 1, 44),
('45-c1', '3A', 3, 45),
('45-c2', '4A', 4, 45),
('45-c3', '1A', 1, 45),
('45-c4', '4A', 4, 45),
('46-c1', '1A', 1, 46),
('46-c2', '4A', 4, 46),
('46-c3', '4A', 4, 46),
('46-c4', '1A', 1, 46),
('47-c1', '1A', 1, 47),
('47-c2', '3A', 3, 47),
('47-c3', '3A', 3, 47),
('47-c4', '2A', 2, 47),
('48-c1', '4A', 4, 48),
('48-c2', '2A', 2, 48),
('48-c3', '4A', 4, 48),
('48-c4', '2A', 2, 48),
('5-c1', '2A', 2, 5),
('5-c2', '2A', 2, 5),
('5-c3', '4A', 4, 5),
('5-c4', '1A', 1, 5),
('6-c1', '4A', 4, 6),
('6-c2', '1A', 1, 6),
('6-c3', '4A', 4, 6),
('6-c4', '3A', 3, 6),
('7-c1', '2A', 2, 7),
('7-c2', '1A', 1, 7),
('7-c3', '3A', 3, 7),
('7-c4', '1A', 1, 7),
('8-c1', '1A', 1, 8),
('8-c2', '1A', 1, 8),
('8-c3', '3A', 3, 8),
('8-c4', '2A', 2, 8),
('9-c1', '1A', 1, 9),
('9-c2', '4A', 4, 9),
('9-c3', '3A', 3, 9),
('9-c4', '2A', 2, 9);

-- --------------------------------------------------------

--
-- Structure de la table `dds`
--

DROP TABLE IF EXISTS `dds`;
CREATE TABLE IF NOT EXISTS `dds` (
  `id_dds` int NOT NULL AUTO_INCREMENT,
  `nom_dds` varchar(50) NOT NULL,
  `num_wilaya` int NOT NULL,
  PRIMARY KEY (`id_dds`),
  KEY `num_wilaya` (`num_wilaya`)
) ENGINE=InnoDB AUTO_INCREMENT=49 DEFAULT CHARSET=utf8mb4 COLLATE=utf8mb4_0900_ai_ci;

--
-- Déchargement des données de la table `dds`
--

INSERT INTO `dds` (`id_dds`, `nom_dds`, `num_wilaya`) VALUES
(1, 'dds_1', 1),
(2, 'dds_2', 2),
(3, 'dds_3', 3),
(4, 'dds_4', 4),
(5, 'dds_5', 5),
(6, 'dds_6', 6),
(7, 'dds_7', 7),
(8, 'dds_8', 8),
(9, 'dds_9', 9),
(10, 'dds_10', 10),
(11, 'dds_11', 11),
(12, 'dds_12', 12),
(13, 'dds_13', 13),
(14, 'dds_14', 14),
(15, 'dds_15', 15),
(16, 'dds_16', 16),
(17, 'dds_17', 17),
(18, 'dds_18', 18),
(19, 'dds_19', 19),
(20, 'dds_20', 20),
(21, 'dds_21', 21),
(22, 'dds_22', 22),
(23, 'dds_23', 23),
(24, 'dds_24', 24),
(25, 'dds_25', 25),
(26, 'dds_26', 26),
(27, 'dds_27', 27),
(28, 'dds_28', 28),
(29, 'dds_29', 29),
(30, 'dds_30', 30),
(31, 'dds_31', 31),
(32, 'dds_32', 32),
(33, 'dds_33', 33),
(34, 'dds_34', 34),
(35, 'dds_35', 35),
(36, 'dds_36', 36),
(37, 'dds_37', 37),
(38, 'dds_38', 38),
(39, 'dds_39', 39),
(40, 'dds_40', 40),
(41, 'dds_41', 41),
(42, 'dds_42', 42),
(43, 'dds_43', 43),
(44, 'dds_44', 44),
(45, 'dds_45', 45),
(46, 'dds_46', 46),
(47, 'dds_47', 47),
(48, 'dds_48', 48);

-- --------------------------------------------------------

--
-- Structure de la table `dent`
--

DROP TABLE IF EXISTS `dent`;
CREATE TABLE IF NOT EXISTS `dent` (
  `id_visite` int NOT NULL,
  `numero_dent` int NOT NULL,
  `type_dent` varchar(30) NOT NULL,
  `id_dent` varchar(30) NOT NULL,
  PRIMARY KEY (`id_dent`),
  KEY `id_visite` (`id_visite`)
) ENGINE=InnoDB DEFAULT CHARSET=utf8mb4 COLLATE=utf8mb4_0900_ai_ci;

-- --------------------------------------------------------

--
-- Structure de la table `directeurs`
--

DROP TABLE IF EXISTS `directeurs`;
CREATE TABLE IF NOT EXISTS `directeurs` (
  `id_directeur` varchar(30) NOT NULL,
  `nom_directeur` varchar(50) NOT NULL,
  `prenom_directeur` varchar(50) NOT NULL,
  `mdp_directeur` varchar(10) NOT NULL,
  `id_ecole` int NOT NULL,
  PRIMARY KEY (`id_directeur`),
  KEY `id_ecole` (`id_ecole`)
) ENGINE=InnoDB DEFAULT CHARSET=utf8mb4 COLLATE=utf8mb4_0900_ai_ci;

--
-- Déchargement des données de la table `directeurs`
--

INSERT INTO `directeurs` (`id_directeur`, `nom_directeur`, `prenom_directeur`, `mdp_directeur`, `id_ecole`) VALUES
('d1', 'directeur 1', 'directeur 1', '0', 1),
('d10', 'directeur 10', 'directeur 10', '0', 10),
('d11', 'directeur 11', 'directeur 11', '0', 11),
('d12', 'directeur 12', 'directeur 12', '0', 12),
('d13', 'directeur 13', 'directeur 13', '0', 13),
('d14', 'directeur 14', 'directeur 14', '0', 14),
('d15', 'directeur 15', 'directeur 15', '0', 15),
('d16', 'directeur 16', 'directeur 16', '0', 16),
('d17', 'directeur 17', 'directeur 17', '0', 17),
('d18', 'directeur 18', 'directeur 18', '0', 18),
('d19', 'directeur 19', 'directeur 19', '0', 19),
('d2', 'directeur 2', 'directeur 2', '0', 2),
('d20', 'directeur 20', 'directeur 20', '0', 20),
('d21', 'directeur 21', 'directeur 21', '0', 21),
('d22', 'directeur 22', 'directeur 22', '0', 22),
('d23', 'directeur 23', 'directeur 23', '0', 23),
('d24', 'directeur 24', 'directeur 24', '0', 24),
('d25', 'directeur 25', 'directeur 25', '0', 25),
('d26', 'directeur 26', 'directeur 26', '0', 26),
('d27', 'directeur 27', 'directeur 27', '0', 27),
('d28', 'directeur 28', 'directeur 28', '0', 28),
('d29', 'directeur 29', 'directeur 29', '0', 29),
('d3', 'directeur 3', 'directeur 3', '0', 3),
('d30', 'directeur 30', 'directeur 30', '0', 30),
('d31', 'directeur 31', 'directeur 31', '0', 31),
('d32', 'directeur 32', 'directeur 32', '0', 32),
('d33', 'directeur 33', 'directeur 33', '0', 33),
('d34', 'directeur 34', 'directeur 34', '0', 34),
('d35', 'directeur 35', 'directeur 35', '0', 35),
('d36', 'directeur 36', 'directeur 36', '0', 36),
('d37', 'directeur 37', 'directeur 37', '0', 37),
('d38', 'directeur 38', 'directeur 38', '0', 38),
('d39', 'directeur 39', 'directeur 39', '0', 39),
('d4', 'directeur 4', 'directeur 4', '0', 4),
('d40', 'directeur 40', 'directeur 40', '0', 40),
('d41', 'directeur 41', 'directeur 41', '0', 41),
('d42', 'directeur 42', 'directeur 42', '0', 42),
('d43', 'directeur 43', 'directeur 43', '0', 43),
('d44', 'directeur 44', 'directeur 44', '0', 44),
('d45', 'directeur 45', 'directeur 45', '0', 45),
('d46', 'directeur 46', 'directeur 46', '0', 46),
('d47', 'directeur 47', 'directeur 47', '0', 47),
('d48', 'directeur 48', 'directeur 48', '0', 48),
('d5', 'directeur 5', 'directeur 5', '0', 5),
('d6', 'directeur 6', 'directeur 6', '0', 6),
('d7', 'directeur 7', 'directeur 7', '0', 7),
('d8', 'directeur 8', 'directeur 8', '0', 8),
('d9', 'directeur 9', 'directeur 9', '0', 9);

-- --------------------------------------------------------

--
-- Structure de la table `docteurs`
--

DROP TABLE IF EXISTS `docteurs`;
CREATE TABLE IF NOT EXISTS `docteurs` (
  `id_docteur` varchar(6) NOT NULL,
  `nom_docteur` varchar(50) NOT NULL,
  `prenom_docteur` varchar(50) NOT NULL,
  `mdp_docteur` varchar(10) CHARACTER SET utf8mb4 COLLATE utf8mb4_0900_ai_ci NOT NULL,
  `id_dds` int NOT NULL,
  PRIMARY KEY (`id_docteur`),
  KEY `id_dds` (`id_dds`)
) ENGINE=InnoDB DEFAULT CHARSET=utf8mb4 COLLATE=utf8mb4_0900_ai_ci;

--
-- Déchargement des données de la table `docteurs`
--

INSERT INTO `docteurs` (`id_docteur`, `nom_docteur`, `prenom_docteur`, `mdp_docteur`, `id_dds`) VALUES
('md0', 'dentist', 'ahmed', '0', 1),
('mg0', 'generaliste', 'mourade', '0', 2),
('mi0', 'infermier', 'bachir', '0', 3),
('mp0', 'psychologue', 'hamoud', '0', 4);

-- --------------------------------------------------------

--
-- Structure de la table `ecole`
--

DROP TABLE IF EXISTS `ecole`;
CREATE TABLE IF NOT EXISTS `ecole` (
  `id_ecole` int NOT NULL AUTO_INCREMENT,
  `nom_ecole` varchar(30) NOT NULL,
  `adresse_ecole` varchar(100) CHARACTER SET utf8mb4 COLLATE utf8mb4_0900_ai_ci DEFAULT NULL,
  `id_dds` int NOT NULL,
  PRIMARY KEY (`id_ecole`),
  KEY `id_dds` (`id_dds`)
) ENGINE=InnoDB AUTO_INCREMENT=97 DEFAULT CHARSET=utf8mb4 COLLATE=utf8mb4_0900_ai_ci;

--
-- Déchargement des données de la table `ecole`
--

INSERT INTO `ecole` (`id_ecole`, `nom_ecole`, `adresse_ecole`, `id_dds`) VALUES
(1, 'Ecole-1', NULL, 1),
(2, 'Ecole-2', NULL, 2),
(3, 'Ecole-3', NULL, 3),
(4, 'Ecole-4', NULL, 4),
(5, 'Ecole-5', NULL, 5),
(6, 'Ecole-6', NULL, 6),
(7, 'Ecole-7', NULL, 7),
(8, 'Ecole-8', NULL, 8),
(9, 'Ecole-9', NULL, 9),
(10, 'Ecole-10', NULL, 10),
(11, 'Ecole-11', NULL, 11),
(12, 'Ecole-12', NULL, 12),
(13, 'Ecole-13', NULL, 13),
(14, 'Ecole-14', NULL, 14),
(15, 'Ecole-15', NULL, 15),
(16, 'Ecole-16', NULL, 16),
(17, 'Ecole-17', NULL, 17),
(18, 'Ecole-18', NULL, 18),
(19, 'Ecole-19', NULL, 19),
(20, 'Ecole-20', NULL, 20),
(21, 'Ecole-21', NULL, 21),
(22, 'Ecole-22', NULL, 22),
(23, 'Ecole-23', NULL, 23),
(24, 'Ecole-24', NULL, 24),
(25, 'Ecole-25', NULL, 25),
(26, 'Ecole-26', NULL, 26),
(27, 'Ecole-27', NULL, 27),
(28, 'Ecole-28', NULL, 28),
(29, 'Ecole-29', NULL, 29),
(30, 'Ecole-30', NULL, 30),
(31, 'Ecole-31', NULL, 31),
(32, 'Ecole-32', NULL, 32),
(33, 'Ecole-33', NULL, 33),
(34, 'Ecole-34', NULL, 34),
(35, 'Ecole-35', NULL, 35),
(36, 'Ecole-36', NULL, 36),
(37, 'Ecole-37', NULL, 37),
(38, 'Ecole-38', NULL, 38),
(39, 'Ecole-39', NULL, 39),
(40, 'Ecole-40', NULL, 40),
(41, 'Ecole-41', NULL, 41),
(42, 'Ecole-42', NULL, 42),
(43, 'Ecole-43', NULL, 43),
(44, 'Ecole-44', NULL, 44),
(45, 'Ecole-45', NULL, 45),
(46, 'Ecole-46', NULL, 46),
(47, 'Ecole-47', NULL, 47),
(48, 'Ecole-48', NULL, 48);

-- --------------------------------------------------------

--
-- Structure de la table `etudiant`
--

DROP TABLE IF EXISTS `etudiant`;
CREATE TABLE IF NOT EXISTS `etudiant` (
  `id_etudiant` int NOT NULL AUTO_INCREMENT,
  `nom` varchar(50) NOT NULL,
  `prenom` varchar(50) NOT NULL,
  `date_naissance` date NOT NULL,
  `wilaya` varchar(30) NOT NULL,
  `id_classe` varchar(30) NOT NULL,
  PRIMARY KEY (`id_etudiant`),
  KEY `id_classe` (`id_classe`)
) ENGINE=InnoDB AUTO_INCREMENT=100000663 DEFAULT CHARSET=utf8mb4 COLLATE=utf8mb4_0900_ai_ci;

--
-- Déchargement des données de la table `etudiant`
--

INSERT INTO `etudiant` (`id_etudiant`, `nom`, `prenom`, `date_naissance`, `wilaya`, `id_classe`) VALUES
(100000000, 'Sara', 'Ait Hamouda', '2003-04-06', 'Tindouf', '1-c1'),
(100000001, 'Sara', 'Boukhalfa', '2010-02-01', 'Oran', '1-c1'),
(100000002, 'Nour', 'Boukadoum', '2004-04-12', 'Illizi', '1-c1'),
(100000003, 'Fatima', 'Ait Ahmed', '2003-06-14', 'Souk Ahras', '1-c1'),
(100000004, 'Sara', 'Bouazza', '2006-03-15', 'Djelfa', '1-c1'),
(100000005, 'Sara', 'Cherif', '2004-02-25', 'Bouira', '1-c2'),
(100000006, 'Younes', 'Benamar', '2009-11-13', 'Mascara', '1-c2'),
(100000007, 'Fatima', 'Saidi', '2002-07-10', 'Aïn Defla', '1-c3'),
(100000008, 'Younes', 'Saidi', '2005-02-02', 'Jijel', '1-c3'),
(100000009, 'Zahra', 'Cherif', '2003-07-02', 'Sidi Bel Abbès', '1-c3'),
(100000010, 'Sara', 'Boualem', '2006-12-15', 'Tissemsilt', '1-c3'),
(100000011, 'Hakim', 'Cherif', '2010-04-19', 'Aïn Témouchent', '1-c3'),
(100000012, 'Mehdi', 'Ziane', '2004-08-04', 'Tiaret', '1-c4'),
(100000013, 'Fatima', 'Boualem', '2010-08-09', 'Relizane', '1-c4'),
(100000014, 'Mehdi', 'Saidi', '2013-06-26', 'Sidi Bel Abbès', '10-c1'),
(100000015, 'Mehdi', 'Boualem', '2012-08-20', 'Relizane', '10-c1'),
(100000016, 'Mehdi', 'Ait Hamouda', '2005-11-26', 'Tébessa', '10-c2'),
(100000017, 'Zahra', 'Saidi', '2003-12-06', 'Skikda', '10-c2'),
(100000018, 'Fatima', 'Ait Hamouda', '2010-03-21', 'Mascara', '10-c2'),
(100000019, 'Ali', 'Ait Hamouda', '2006-02-14', 'Tissemsilt', '10-c2'),
(100000020, 'Nour', 'Boukhalfa', '2007-03-02', 'Sidi Bel Abbès', '10-c2'),
(100000021, 'Zahra', 'Ait Hamouda', '2008-09-25', 'Tindouf', '10-c3'),
(100000022, 'Karim', 'Saidi', '2006-02-08', 'Laghouat', '10-c3'),
(100000023, 'Karim', 'Ait Ahmed', '2005-06-27', 'Relizane', '10-c4'),
(100000024, 'Ali', 'Boukadoum', '2008-02-17', 'M\'Sila', '10-c4'),
(100000025, 'Sara', 'Ait Ahmed', '2010-02-07', 'Batna', '10-c4'),
(100000026, 'Sara', 'Boukhalfa', '2012-08-30', 'Illizi', '10-c4'),
(100000027, 'Hakim', 'Ziane', '2002-11-24', 'Béjaïa', '10-c4'),
(100000028, 'Mehdi', 'Ait Ahmed', '2002-03-04', 'Khenchela', '11-c1'),
(100000029, 'Zahra', 'Boukadoum', '2007-12-29', 'Sétif', '11-c1'),
(100000030, 'Hakim', 'Ait Ahmed', '2004-05-26', 'El Tarf', '11-c2'),
(100000031, 'Zahra', 'Ziane', '2011-07-03', 'Oum El Bouaghi', '11-c2'),
(100000032, 'Ali', 'Benamar', '2007-08-12', 'Illizi', '11-c2'),
(100000033, 'Younes', 'Ait Hamouda', '2007-02-08', 'Oran', '11-c2'),
(100000034, 'Fatima', 'Boukadoum', '2009-07-10', 'Mostaganem', '11-c2'),
(100000035, 'Mehdi', 'Boualem', '2012-03-04', 'Relizane', '11-c3'),
(100000036, 'Younes', 'Boualem', '2008-04-08', 'El Oued', '11-c3'),
(100000037, 'Amina', 'Boukhalfa', '2004-04-18', 'Souk Ahras', '11-c3'),
(100000038, 'Zahra', 'Cherif', '2012-11-09', 'Souk Ahras', '11-c3'),
(100000039, 'Younes', 'Ziane', '2009-07-11', 'Ghardaïa', '11-c3'),
(100000040, 'Mehdi', 'Boualem', '2006-12-07', 'Sétif', '11-c4'),
(100000041, 'Zahra', 'Boualem', '2012-05-18', 'Skikda', '11-c4'),
(100000042, 'Ali', 'Boukadoum', '2011-05-24', 'Khenchela', '11-c4'),
(100000043, 'Karim', 'Cherif', '2003-02-02', 'Alger', '11-c4'),
(100000044, 'Karim', 'Boukadoum', '2012-11-19', 'Béchar', '11-c4'),
(100000045, 'Ali', 'Ziane', '2003-08-15', 'Adrar', '12-c1'),
(100000046, 'Mehdi', 'Cherif', '2003-07-01', 'El Oued', '12-c1'),
(100000047, 'Amina', 'Benamar', '2004-02-03', 'Jijel', '12-c1'),
(100000048, 'Karim', 'Benamar', '2012-07-18', 'Oum El Bouaghi', '12-c2'),
(100000049, 'Ali', 'Ait Hamouda', '2011-11-11', 'Blida', '12-c2'),
(100000050, 'Fatima', 'Boualem', '2008-03-05', 'Mostaganem', '12-c2'),
(100000051, 'Ali', 'Bouazza', '2002-01-07', 'Illizi', '12-c2'),
(100000052, 'Karim', 'Boualem', '2007-01-02', 'Constantine', '12-c2'),
(100000053, 'Younes', 'Cherif', '2012-11-04', 'Khenchela', '12-c3'),
(100000054, 'Younes', 'Benamar', '2014-06-08', 'Tissemsilt', '12-c3'),
(100000055, 'Hakim', 'Ait Hamouda', '2007-01-28', 'Blida', '12-c3'),
(100000056, 'Amina', 'Bouazza', '2008-09-22', 'Aïn Témouchent', '12-c3'),
(100000057, 'Ali', 'Cherif', '2009-07-02', 'Chlef', '12-c4'),
(100000058, 'Nour', 'Boukadoum', '2008-09-24', 'Boumerdès', '12-c4'),
(100000059, 'Karim', 'Cherif', '2006-10-27', 'Tipaza', '12-c4'),
(100000060, 'Sara', 'Ait Ahmed', '2003-12-25', 'Blida', '12-c4'),
(100000061, 'Hakim', 'Boukadoum', '2010-04-28', 'Médéa', '13-c1'),
(100000062, 'Younes', 'Cherif', '2003-03-06', 'Tipaza', '13-c1'),
(100000063, 'Nour', 'Cherif', '2003-03-10', 'Béchar', '13-c1'),
(100000064, 'Hakim', 'Boualem', '2009-12-18', 'Mascara', '13-c1'),
(100000065, 'Mehdi', 'Benamar', '2004-02-21', 'Mila', '13-c1'),
(100000066, 'Karim', 'Bouazza', '2012-06-20', 'Tindouf', '13-c2'),
(100000067, 'Hakim', 'Benamar', '2008-06-06', 'Saïda', '13-c2'),
(100000068, 'Younes', 'Bouazza', '2003-09-12', 'Relizane', '13-c2'),
(100000069, 'Zahra', 'Benamar', '2002-06-25', 'Adrar', '13-c2'),
(100000070, 'Amina', 'Saidi', '2003-07-13', 'Tizi Ouzou', '13-c2'),
(100000071, 'Zahra', 'Ziane', '2002-06-30', 'Béchar', '13-c3'),
(100000072, 'Ali', 'Bouazza', '2009-04-19', 'El Bayadh', '13-c3'),
(100000073, 'Younes', 'Ait Ahmed', '2012-04-14', 'Skikda', '13-c4'),
(100000074, 'Sara', 'Saidi', '2011-01-26', 'Tipaza', '13-c4'),
(100000075, 'Karim', 'Boukhalfa', '2002-12-19', 'El Tarf', '14-c1'),
(100000076, 'Hakim', 'Ait Hamouda', '2002-10-13', 'Chlef', '14-c1'),
(100000077, 'Ali', 'Saidi', '2004-05-30', 'Biskra', '14-c1'),
(100000078, 'Karim', 'Cherif', '2012-10-06', 'Khenchela', '14-c2'),
(100000079, 'Fatima', 'Ait Hamouda', '2002-04-04', 'Constantine', '14-c2'),
(100000080, 'Ali', 'Saidi', '2012-01-14', 'Constantine', '14-c3'),
(100000081, 'Nour', 'Boukhalfa', '2002-03-20', 'Oum El Bouaghi', '14-c3'),
(100000082, 'Karim', 'Ait Hamouda', '2010-03-26', 'Sétif', '14-c3'),
(100000083, 'Karim', 'Bouazza', '2009-07-06', 'Tissemsilt', '14-c4'),
(100000084, 'Amina', 'Boukadoum', '2010-03-25', 'Boumerdès', '14-c4'),
(100000085, 'Karim', 'Boukhalfa', '2002-08-27', 'Biskra', '15-c1'),
(100000086, 'Karim', 'Ziane', '2010-01-24', 'Aïn Témouchent', '15-c1'),
(100000087, 'Amina', 'Ziane', '2006-05-30', 'Mostaganem', '15-c2'),
(100000088, 'Amina', 'Ait Hamouda', '2012-03-19', 'Tamanrasset', '15-c2'),
(100000089, 'Zahra', 'Saidi', '2011-03-01', 'Batna', '15-c2'),
(100000090, 'Amina', 'Ait Ahmed', '2006-03-07', 'Skikda', '15-c3'),
(100000091, 'Mehdi', 'Boukhalfa', '2002-11-20', 'Tébessa', '15-c3'),
(100000092, 'Nour', 'Bouazza', '2014-05-31', 'Tipaza', '15-c3'),
(100000093, 'Fatima', 'Benamar', '2006-11-04', 'Tébessa', '15-c3'),
(100000094, 'Fatima', 'Ait Hamouda', '2009-12-12', 'Biskra', '15-c3'),
(100000095, 'Ali', 'Benamar', '2012-12-18', 'Ghardaïa', '15-c4'),
(100000096, 'Karim', 'Boukadoum', '2010-03-26', 'Illizi', '15-c4'),
(100000097, 'Mehdi', 'Benamar', '2007-10-14', 'Oran', '15-c4'),
(100000098, 'Fatima', 'Ziane', '2005-04-14', 'Tissemsilt', '16-c1'),
(100000099, 'Zahra', 'Ait Hamouda', '2006-10-18', 'Bouira', '16-c1'),
(100000100, 'Karim', 'Benamar', '2002-10-18', 'Relizane', '16-c1'),
(100000101, 'Nour', 'Ziane', '2003-01-11', 'El Bayadh', '16-c1'),
(100000102, 'Ali', 'Saidi', '2009-04-04', 'Aïn Defla', '16-c1'),
(100000103, 'Nour', 'Boukhalfa', '2010-09-14', 'Adrar', '16-c2'),
(100000104, 'Zahra', 'Bouazza', '2010-01-07', 'Constantine', '16-c2'),
(100000105, 'Karim', 'Ait Hamouda', '2010-11-16', 'Tipaza', '16-c2'),
(100000106, 'Ali', 'Boukadoum', '2008-11-20', 'El Tarf', '16-c3'),
(100000107, 'Zahra', 'Boukadoum', '2006-06-05', 'Tiaret', '16-c3'),
(100000108, 'Younes', 'Boualem', '2011-05-28', 'Tipaza', '16-c4'),
(100000109, 'Younes', 'Boualem', '2010-04-09', 'Boumerdès', '16-c4'),
(100000110, 'Mehdi', 'Ait Ahmed', '2013-01-30', 'Béchar', '16-c4'),
(100000111, 'Sara', 'Cherif', '2008-11-22', 'Batna', '17-c1'),
(100000112, 'Younes', 'Ziane', '2007-08-07', 'Ghardaïa', '17-c1'),
(100000113, 'Younes', 'Ziane', '2004-01-17', 'Guelma', '17-c1'),
(100000114, 'Zahra', 'Ziane', '2003-12-16', 'Tipaza', '17-c1'),
(100000115, 'Nour', 'Cherif', '2011-07-04', 'Ouargla', '17-c1'),
(100000116, 'Younes', 'Ait Ahmed', '2005-10-17', 'Sidi Bel Abbès', '17-c2'),
(100000117, 'Mehdi', 'Boukhalfa', '2008-02-07', 'Aïn Témouchent', '17-c2'),
(100000118, 'Fatima', 'Bouazza', '2011-03-30', 'Annaba', '17-c2'),
(100000119, 'Hakim', 'Boukadoum', '2002-04-22', 'Relizane', '17-c2'),
(100000120, 'Zahra', 'Boukhalfa', '2009-01-09', 'Tizi Ouzou', '17-c2'),
(100000121, 'Ali', 'Bouazza', '2013-02-20', 'Relizane', '17-c3'),
(100000122, 'Zahra', 'Boukhalfa', '2007-04-20', 'Béchar', '17-c3'),
(100000123, 'Hakim', 'Ziane', '2002-03-11', 'Tipaza', '17-c3'),
(100000124, 'Zahra', 'Boukadoum', '2013-02-27', 'Illizi', '17-c3'),
(100000125, 'Zahra', 'Saidi', '2011-01-22', 'Ouargla', '17-c3'),
(100000126, 'Nour', 'Boukadoum', '2009-11-10', 'M\'Sila', '17-c4'),
(100000127, 'Zahra', 'Benamar', '2011-03-18', 'Oran', '17-c4'),
(100000128, 'Younes', 'Cherif', '2012-03-26', 'Blida', '17-c4'),
(100000129, 'Fatima', 'Benamar', '2008-09-02', 'Tlemcen', '17-c4'),
(100000130, 'Sara', 'Ait Hamouda', '2007-07-14', 'Blida', '18-c1'),
(100000131, 'Sara', 'Bouazza', '2009-09-04', 'Mila', '18-c1'),
(100000132, 'Nour', 'Boukadoum', '2005-02-14', 'Ghardaïa', '18-c1'),
(100000133, 'Zahra', 'Benamar', '2004-12-09', 'Adrar', '18-c1'),
(100000134, 'Hakim', 'Saidi', '2006-07-15', 'Tizi Ouzou', '18-c1'),
(100000135, 'Mehdi', 'Benamar', '2014-11-10', 'Batna', '18-c2'),
(100000136, 'Mehdi', 'Saidi', '2009-07-22', 'Mascara', '18-c2'),
(100000137, 'Nour', 'Benamar', '2007-11-25', 'Illizi', '18-c2'),
(100000138, 'Karim', 'Bouazza', '2013-09-11', 'Mascara', '18-c2'),
(100000139, 'Fatima', 'Ait Hamouda', '2002-10-25', 'Jijel', '18-c3'),
(100000140, 'Hakim', 'Saidi', '2013-09-22', 'Mostaganem', '18-c3'),
(100000141, 'Amina', 'Cherif', '2007-08-11', 'M\'Sila', '18-c3'),
(100000142, 'Amina', 'Cherif', '2007-04-08', 'El Oued', '18-c3'),
(100000143, 'Karim', 'Boualem', '2003-09-08', 'Jijel', '18-c4'),
(100000144, 'Ali', 'Cherif', '2014-01-16', 'Bouira', '18-c4'),
(100000145, 'Fatima', 'Saidi', '2008-09-22', 'Ghardaïa', '18-c4'),
(100000146, 'Karim', 'Cherif', '2013-12-04', 'Tébessa', '19-c1'),
(100000147, 'Mehdi', 'Bouazza', '2007-02-26', 'Guelma', '19-c1'),
(100000148, 'Karim', 'Boukhalfa', '2010-02-27', 'Tébessa', '19-c1'),
(100000149, 'Ali', 'Benamar', '2014-01-16', 'Laghouat', '19-c2'),
(100000150, 'Zahra', 'Bouazza', '2010-09-27', 'Tipaza', '19-c2'),
(100000151, 'Hakim', 'Saidi', '2006-07-25', 'Blida', '19-c3'),
(100000152, 'Zahra', 'Ait Ahmed', '2002-10-04', 'Souk Ahras', '19-c3'),
(100000153, 'Ali', 'Ziane', '2007-11-16', 'Sidi Bel Abbès', '19-c4'),
(100000154, 'Fatima', 'Saidi', '2002-11-12', 'Mila', '19-c4'),
(100000155, 'Sara', 'Boukadoum', '2012-06-21', 'Oran', '19-c4'),
(100000156, 'Sara', 'Cherif', '2012-08-26', 'Constantine', '19-c4'),
(100000157, 'Ali', 'Ait Ahmed', '2003-10-21', 'Ouargla', '2-c1'),
(100000158, 'Younes', 'Ziane', '2004-05-23', 'Batna', '2-c1'),
(100000159, 'Karim', 'Bouazza', '2007-10-16', 'Sétif', '2-c1'),
(100000160, 'Ali', 'Ziane', '2011-07-03', 'Naâma', '2-c1'),
(100000161, 'Nour', 'Cherif', '2014-12-16', 'Adrar', '2-c1'),
(100000162, 'Mehdi', 'Ait Hamouda', '2003-06-08', 'Naâma', '2-c2'),
(100000163, 'Nour', 'Ait Ahmed', '2003-03-05', 'Constantine', '2-c2'),
(100000164, 'Younes', 'Cherif', '2008-10-06', 'El Tarf', '2-c3'),
(100000165, 'Ali', 'Boualem', '2009-06-30', 'Illizi', '2-c3'),
(100000166, 'Karim', 'Ait Hamouda', '2009-05-23', 'Tindouf', '2-c4'),
(100000167, 'Sara', 'Benamar', '2012-07-20', 'Ghardaïa', '2-c4'),
(100000168, 'Nour', 'Boukadoum', '2008-05-10', 'Tissemsilt', '2-c4'),
(100000169, 'Amina', 'Boukadoum', '2010-08-02', 'Tiaret', '2-c4'),
(100000170, 'Mehdi', 'Benamar', '2006-03-31', 'Ouargla', '20-c1'),
(100000171, 'Hakim', 'Benamar', '2005-07-24', 'M\'Sila', '20-c1'),
(100000172, 'Ali', 'Bouazza', '2002-01-03', 'Batna', '20-c1'),
(100000173, 'Sara', 'Boualem', '2007-04-06', 'Ouargla', '20-c1'),
(100000174, 'Mehdi', 'Boukadoum', '2004-12-04', 'Adrar', '20-c1'),
(100000175, 'Zahra', 'Cherif', '2012-07-28', 'Médéa', '20-c2'),
(100000176, 'Younes', 'Ait Ahmed', '2003-01-24', 'Illizi', '20-c2'),
(100000177, 'Amina', 'Boukadoum', '2004-12-22', 'El Tarf', '20-c2'),
(100000178, 'Sara', 'Cherif', '2009-03-31', 'Ghardaïa', '20-c2'),
(100000179, 'Younes', 'Boukadoum', '2009-06-15', 'Tébessa', '20-c3'),
(100000180, 'Zahra', 'Boukadoum', '2003-03-13', 'El Oued', '20-c3'),
(100000181, 'Zahra', 'Ait Hamouda', '2012-01-05', 'Adrar', '20-c4'),
(100000182, 'Karim', 'Cherif', '2004-04-28', 'Blida', '20-c4'),
(100000183, 'Amina', 'Ait Hamouda', '2010-04-10', 'Biskra', '20-c4'),
(100000184, 'Nour', 'Ziane', '2005-01-02', 'Saïda', '20-c4'),
(100000185, 'Karim', 'Ziane', '2003-06-03', 'Sétif', '20-c4'),
(100000186, 'Amina', 'Boualem', '2003-07-14', 'Chlef', '21-c1'),
(100000187, 'Mehdi', 'Benamar', '2012-06-26', 'Sétif', '21-c1'),
(100000188, 'Nour', 'Boukhalfa', '2006-04-12', 'El Oued', '21-c2'),
(100000189, 'Amina', 'Boualem', '2004-11-27', 'Blida', '21-c2'),
(100000190, 'Zahra', 'Bouazza', '2013-04-03', 'Ouargla', '21-c2'),
(100000191, 'Sara', 'Cherif', '2013-03-11', 'El Bayadh', '21-c2'),
(100000192, 'Hakim', 'Ait Ahmed', '2007-08-18', 'Blida', '21-c3'),
(100000193, 'Zahra', 'Boualem', '2004-04-29', 'Djelfa', '21-c3'),
(100000194, 'Amina', 'Boukhalfa', '2009-07-03', 'Boumerdès', '21-c3'),
(100000195, 'Younes', 'Boualem', '2009-04-07', 'Tizi Ouzou', '21-c3'),
(100000196, 'Fatima', 'Ait Ahmed', '2012-04-12', 'Tissemsilt', '21-c3'),
(100000197, 'Ali', 'Boukhalfa', '2014-02-27', 'Jijel', '21-c4'),
(100000198, 'Karim', 'Ait Hamouda', '2011-08-30', 'Tiaret', '21-c4'),
(100000199, 'Fatima', 'Boualem', '2007-11-18', 'Saïda', '21-c4'),
(100000200, 'Ali', 'Cherif', '2009-10-14', 'Skikda', '21-c4'),
(100000201, 'Zahra', 'Benamar', '2003-03-12', 'Annaba', '22-c1'),
(100000202, 'Ali', 'Bouazza', '2011-03-19', 'Aïn Defla', '22-c1'),
(100000203, 'Karim', 'Ait Ahmed', '2007-10-30', 'Saïda', '22-c1'),
(100000204, 'Karim', 'Saidi', '2010-07-23', 'Alger', '22-c1'),
(100000205, 'Hakim', 'Ziane', '2007-05-09', 'Tébessa', '22-c1'),
(100000206, 'Nour', 'Benamar', '2009-10-11', 'Djelfa', '22-c2'),
(100000207, 'Younes', 'Benamar', '2003-11-14', 'Blida', '22-c2'),
(100000208, 'Fatima', 'Saidi', '2010-05-12', 'El Bayadh', '22-c3'),
(100000209, 'Ali', 'Bouazza', '2013-12-02', 'Naâma', '22-c3'),
(100000210, 'Karim', 'Bouazza', '2005-04-09', 'Sétif', '22-c3'),
(100000211, 'Amina', 'Ziane', '2008-01-03', 'Ouargla', '22-c3'),
(100000212, 'Sara', 'Ziane', '2011-10-09', 'Mostaganem', '22-c4'),
(100000213, 'Nour', 'Cherif', '2003-01-12', 'Aïn Témouchent', '22-c4'),
(100000214, 'Karim', 'Cherif', '2002-07-20', 'Mila', '22-c4'),
(100000215, 'Fatima', 'Saidi', '2008-07-31', 'Annaba', '22-c4'),
(100000216, 'Zahra', 'Boukhalfa', '2014-01-29', 'Relizane', '22-c4'),
(100000217, 'Karim', 'Boukadoum', '2012-09-22', 'Ouargla', '23-c1'),
(100000218, 'Zahra', 'Boukhalfa', '2009-09-14', 'Aïn Témouchent', '23-c1'),
(100000219, 'Amina', 'Saidi', '2009-04-06', 'Tlemcen', '23-c1'),
(100000220, 'Karim', 'Boukadoum', '2007-12-27', 'Mila', '23-c1'),
(100000221, 'Fatima', 'Ait Ahmed', '2011-07-11', 'Béchar', '23-c2'),
(100000222, 'Amina', 'Boualem', '2004-04-13', 'Djelfa', '23-c2'),
(100000223, 'Zahra', 'Boualem', '2014-03-23', 'Mostaganem', '23-c2'),
(100000224, 'Nour', 'Bouazza', '2007-11-11', 'Blida', '23-c3'),
(100000225, 'Nour', 'Boukhalfa', '2012-06-14', 'Tindouf', '23-c3'),
(100000226, 'Hakim', 'Ait Ahmed', '2013-12-03', 'Illizi', '23-c3'),
(100000227, 'Nour', 'Saidi', '2011-07-10', 'Annaba', '23-c3'),
(100000228, 'Nour', 'Ait Hamouda', '2010-01-26', 'Constantine', '23-c4'),
(100000229, 'Hakim', 'Ait Ahmed', '2014-05-28', 'El Tarf', '23-c4'),
(100000230, 'Karim', 'Benamar', '2008-11-05', 'Boumerdès', '23-c4'),
(100000231, 'Sara', 'Ziane', '2004-05-24', 'El Bayadh', '23-c4'),
(100000232, 'Younes', 'Boualem', '2012-04-13', 'Mila', '24-c1'),
(100000233, 'Zahra', 'Boukadoum', '2013-03-14', 'Béchar', '24-c1'),
(100000234, 'Younes', 'Boukadoum', '2005-05-21', 'Blida', '24-c1'),
(100000235, 'Younes', 'Boukhalfa', '2006-03-26', 'Boumerdès', '24-c1'),
(100000236, 'Nour', 'Cherif', '2005-09-21', 'Souk Ahras', '24-c1'),
(100000237, 'Fatima', 'Ziane', '2005-01-19', 'Médéa', '24-c2'),
(100000238, 'Karim', 'Bouazza', '2003-12-21', 'Saïda', '24-c2'),
(100000239, 'Zahra', 'Boukhalfa', '2007-07-02', 'Batna', '24-c2'),
(100000240, 'Ali', 'Ziane', '2005-01-06', 'Saïda', '24-c2'),
(100000241, 'Younes', 'Boukhalfa', '2004-03-24', 'Skikda', '24-c3'),
(100000242, 'Mehdi', 'Bouazza', '2004-06-07', 'Oran', '24-c3'),
(100000243, 'Fatima', 'Cherif', '2003-09-26', 'Alger', '24-c3'),
(100000244, 'Nour', 'Ziane', '2004-07-29', 'Bouira', '24-c3'),
(100000245, 'Nour', 'Ziane', '2008-01-12', 'Médéa', '24-c4'),
(100000246, 'Fatima', 'Boualem', '2013-07-15', 'Oran', '24-c4'),
(100000247, 'Hakim', 'Ziane', '2009-08-14', 'Bouira', '24-c4'),
(100000248, 'Nour', 'Ait Hamouda', '2006-11-08', 'Sidi Bel Abbès', '24-c4'),
(100000249, 'Sara', 'Saidi', '2005-08-25', 'Constantine', '25-c1'),
(100000250, 'Younes', 'Boukhalfa', '2012-10-28', 'Batna', '25-c1'),
(100000251, 'Amina', 'Ziane', '2004-04-02', 'El Tarf', '25-c1'),
(100000252, 'Mehdi', 'Boukadoum', '2003-08-21', 'Adrar', '25-c1'),
(100000253, 'Nour', 'Ait Hamouda', '2011-03-26', 'Naâma', '25-c1'),
(100000254, 'Younes', 'Ait Ahmed', '2003-07-05', 'Jijel', '25-c2'),
(100000255, 'Ali', 'Ait Hamouda', '2011-07-10', 'Djelfa', '25-c2'),
(100000256, 'Mehdi', 'Boukadoum', '2012-07-27', 'Khenchela', '25-c3'),
(100000257, 'Younes', 'Saidi', '2007-09-17', 'Sidi Bel Abbès', '25-c3'),
(100000258, 'Sara', 'Boukadoum', '2009-12-01', 'Tipaza', '25-c3'),
(100000259, 'Mehdi', 'Cherif', '2002-10-27', 'El Tarf', '25-c4'),
(100000260, 'Younes', 'Boualem', '2014-06-20', 'Béchar', '25-c4'),
(100000261, 'Hakim', 'Saidi', '2006-09-17', 'Biskra', '25-c4'),
(100000262, 'Hakim', 'Boukadoum', '2008-02-21', 'Mascara', '26-c1'),
(100000263, 'Sara', 'Bouazza', '2006-11-23', 'Tébessa', '26-c1'),
(100000264, 'Hakim', 'Benamar', '2014-10-29', 'Tlemcen', '26-c2'),
(100000265, 'Ali', 'Ait Hamouda', '2002-02-12', 'Oum El Bouaghi', '26-c2'),
(100000266, 'Nour', 'Ziane', '2006-12-05', 'Adrar', '26-c2'),
(100000267, 'Nour', 'Boukhalfa', '2011-04-25', 'El Bayadh', '26-c2'),
(100000268, 'Mehdi', 'Boualem', '2009-06-23', 'Oran', '26-c2'),
(100000269, 'Sara', 'Boukadoum', '2014-02-27', 'Béjaïa', '26-c3'),
(100000270, 'Zahra', 'Boukadoum', '2010-09-02', 'Relizane', '26-c3'),
(100000271, 'Younes', 'Saidi', '2006-12-31', 'Ghardaïa', '26-c3'),
(100000272, 'Mehdi', 'Benamar', '2004-06-01', 'Adrar', '26-c4'),
(100000273, 'Nour', 'Ait Ahmed', '2007-01-04', 'Aïn Témouchent', '26-c4'),
(100000274, 'Ali', 'Ziane', '2012-01-18', 'Tipaza', '26-c4'),
(100000275, 'Nour', 'Benamar', '2006-04-24', 'Alger', '27-c1'),
(100000276, 'Ali', 'Benamar', '2007-07-16', 'Laghouat', '27-c1'),
(100000277, 'Sara', 'Ait Hamouda', '2007-09-18', 'Guelma', '27-c2'),
(100000278, 'Ali', 'Boukadoum', '2003-09-23', 'Djelfa', '27-c2'),
(100000279, 'Amina', 'Boukadoum', '2011-07-12', 'El Tarf', '27-c2'),
(100000280, 'Mehdi', 'Ait Hamouda', '2008-06-25', 'Aïn Defla', '27-c3'),
(100000281, 'Amina', 'Bouazza', '2010-03-03', 'Djelfa', '27-c3'),
(100000282, 'Younes', 'Saidi', '2010-04-24', 'Chlef', '27-c3'),
(100000283, 'Mehdi', 'Boukhalfa', '2013-01-27', 'Ghardaïa', '27-c3'),
(100000284, 'Mehdi', 'Boukhalfa', '2012-05-22', 'Djelfa', '27-c4'),
(100000285, 'Zahra', 'Ait Hamouda', '2003-10-10', 'Mascara', '27-c4'),
(100000286, 'Zahra', 'Boukadoum', '2013-06-04', 'Souk Ahras', '28-c1'),
(100000287, 'Karim', 'Ait Hamouda', '2002-02-04', 'Boumerdès', '28-c1'),
(100000288, 'Ali', 'Ait Ahmed', '2004-01-01', 'Oran', '28-c1'),
(100000289, 'Ali', 'Ziane', '2006-11-14', 'Tébessa', '28-c2'),
(100000290, 'Amina', 'Ait Hamouda', '2002-12-24', 'Guelma', '28-c2'),
(100000291, 'Mehdi', 'Ait Ahmed', '2012-01-03', 'Tipaza', '28-c3'),
(100000292, 'Younes', 'Cherif', '2005-09-17', 'Ghardaïa', '28-c3'),
(100000293, 'Fatima', 'Cherif', '2010-05-10', 'Illizi', '28-c3'),
(100000294, 'Fatima', 'Ait Hamouda', '2014-03-31', 'Naâma', '28-c3'),
(100000295, 'Fatima', 'Ziane', '2010-10-18', 'Béjaïa', '28-c3'),
(100000296, 'Younes', 'Bouazza', '2004-03-08', 'Mostaganem', '28-c4'),
(100000297, 'Younes', 'Boukadoum', '2012-07-12', 'Jijel', '28-c4'),
(100000298, 'Fatima', 'Boukhalfa', '2012-07-15', 'M\'Sila', '29-c1'),
(100000299, 'Hakim', 'Ait Ahmed', '2014-11-15', 'Oran', '29-c1'),
(100000300, 'Hakim', 'Ait Hamouda', '2014-01-17', 'Ouargla', '29-c1'),
(100000301, 'Fatima', 'Boualem', '2005-04-21', 'Chlef', '29-c2'),
(100000302, 'Sara', 'Boualem', '2004-10-15', 'Chlef', '29-c2'),
(100000303, 'Amina', 'Boukhalfa', '2013-01-18', 'Béjaïa', '29-c2'),
(100000304, 'Hakim', 'Bouazza', '2006-06-17', 'Tissemsilt', '29-c3'),
(100000305, 'Sara', 'Saidi', '2009-01-15', 'Mascara', '29-c3'),
(100000306, 'Nour', 'Boualem', '2008-11-26', 'Mila', '29-c3'),
(100000307, 'Fatima', 'Boualem', '2011-03-18', 'Aïn Defla', '29-c3'),
(100000308, 'Younes', 'Boukhalfa', '2008-08-20', 'Ghardaïa', '29-c4'),
(100000309, 'Sara', 'Ait Ahmed', '2012-07-04', 'Aïn Témouchent', '29-c4'),
(100000310, 'Ali', 'Ziane', '2002-01-04', 'Oran', '29-c4'),
(100000311, 'Ali', 'Ait Hamouda', '2003-11-01', 'Saïda', '29-c4'),
(100000312, 'Ali', 'Cherif', '2014-06-09', 'El Tarf', '3-c1'),
(100000313, 'Younes', 'Benamar', '2008-10-20', 'El Tarf', '3-c1'),
(100000314, 'Hakim', 'Boualem', '2013-11-28', 'Batna', '3-c1'),
(100000315, 'Younes', 'Boukadoum', '2005-01-13', 'Aïn Defla', '3-c1'),
(100000316, 'Younes', 'Benamar', '2004-12-12', 'Mascara', '3-c1'),
(100000317, 'Fatima', 'Bouazza', '2008-05-12', 'Mostaganem', '3-c2'),
(100000318, 'Zahra', 'Ait Ahmed', '2010-08-21', 'Mostaganem', '3-c2'),
(100000319, 'Amina', 'Cherif', '2003-11-02', 'Ghardaïa', '3-c2'),
(100000320, 'Fatima', 'Bouazza', '2013-03-14', 'Bordj Bou Arréridj', '3-c3'),
(100000321, 'Nour', 'Ait Hamouda', '2012-01-26', 'Mostaganem', '3-c3'),
(100000322, 'Ali', 'Boukhalfa', '2012-06-27', 'Naâma', '3-c3'),
(100000323, 'Nour', 'Boukadoum', '2013-06-08', 'Tlemcen', '3-c3'),
(100000324, 'Amina', 'Bouazza', '2004-02-24', 'Médéa', '3-c4'),
(100000325, 'Nour', 'Ziane', '2014-11-17', 'Aïn Témouchent', '3-c4'),
(100000326, 'Karim', 'Benamar', '2003-05-22', 'Skikda', '3-c4'),
(100000327, 'Younes', 'Ait Hamouda', '2007-01-01', 'Chlef', '3-c4'),
(100000328, 'Nour', 'Boualem', '2009-12-08', 'Tébessa', '3-c4'),
(100000329, 'Sara', 'Ait Ahmed', '2013-01-18', 'Annaba', '30-c1'),
(100000330, 'Sara', 'Boukadoum', '2010-11-11', 'Biskra', '30-c1'),
(100000331, 'Zahra', 'Boukadoum', '2008-01-09', 'Batna', '30-c1'),
(100000332, 'Hakim', 'Boualem', '2011-04-30', 'Saïda', '30-c1'),
(100000333, 'Fatima', 'Cherif', '2009-09-03', 'Tamanrasset', '30-c2'),
(100000334, 'Fatima', 'Boukadoum', '2006-05-28', 'Tindouf', '30-c2'),
(100000335, 'Younes', 'Benamar', '2005-05-03', 'Oran', '30-c2'),
(100000336, 'Karim', 'Boukhalfa', '2010-08-23', 'Laghouat', '30-c2'),
(100000337, 'Fatima', 'Boualem', '2005-08-27', 'Biskra', '30-c3'),
(100000338, 'Karim', 'Boukadoum', '2014-08-27', 'Adrar', '30-c3'),
(100000339, 'Hakim', 'Saidi', '2005-10-30', 'Oran', '30-c3'),
(100000340, 'Younes', 'Bouazza', '2011-08-21', 'Ghardaïa', '30-c3'),
(100000341, 'Ali', 'Saidi', '2012-03-28', 'Oran', '30-c3'),
(100000342, 'Mehdi', 'Ait Hamouda', '2009-09-14', 'Oum El Bouaghi', '30-c4'),
(100000343, 'Younes', 'Boukadoum', '2003-02-16', 'Souk Ahras', '30-c4'),
(100000344, 'Karim', 'Ait Ahmed', '2008-01-26', 'Tissemsilt', '31-c1'),
(100000345, 'Younes', 'Cherif', '2011-01-28', 'Bordj Bou Arréridj', '31-c1'),
(100000346, 'Sara', 'Ait Hamouda', '2011-06-13', 'Skikda', '31-c1'),
(100000347, 'Zahra', 'Boukhalfa', '2003-10-31', 'Blida', '31-c1'),
(100000348, 'Younes', 'Ait Ahmed', '2012-09-28', 'Ouargla', '31-c1'),
(100000349, 'Sara', 'Ziane', '2002-07-19', 'Tamanrasset', '31-c2'),
(100000350, 'Karim', 'Boukhalfa', '2009-10-26', 'Tiaret', '31-c2'),
(100000351, 'Nour', 'Ziane', '2010-10-13', 'Souk Ahras', '31-c2'),
(100000352, 'Fatima', 'Ait Hamouda', '2004-11-28', 'Aïn Témouchent', '31-c3'),
(100000353, 'Karim', 'Boukhalfa', '2011-02-27', 'Tizi Ouzou', '31-c3'),
(100000354, 'Hakim', 'Cherif', '2008-04-29', 'Mila', '31-c3'),
(100000355, 'Hakim', 'Ait Ahmed', '2002-04-15', 'Bouira', '31-c3'),
(100000356, 'Zahra', 'Ait Hamouda', '2014-12-27', 'Mila', '31-c3'),
(100000357, 'Fatima', 'Boualem', '2013-02-12', 'Batna', '31-c4'),
(100000358, 'Mehdi', 'Benamar', '2014-04-09', 'El Oued', '31-c4'),
(100000359, 'Hakim', 'Boualem', '2014-04-28', 'El Bayadh', '31-c4'),
(100000360, 'Karim', 'Boualem', '2014-03-10', 'Béchar', '31-c4'),
(100000361, 'Zahra', 'Boualem', '2008-02-07', 'Laghouat', '32-c1'),
(100000362, 'Nour', 'Cherif', '2009-01-31', 'Khenchela', '32-c1'),
(100000363, 'Sara', 'Boualem', '2014-04-27', 'Tipaza', '32-c1'),
(100000364, 'Mehdi', 'Saidi', '2013-01-26', 'Mostaganem', '32-c1'),
(100000365, 'Ali', 'Cherif', '2010-06-10', 'Relizane', '32-c2'),
(100000366, 'Younes', 'Cherif', '2013-01-31', 'El Oued', '32-c2'),
(100000367, 'Hakim', 'Saidi', '2009-07-04', 'Alger', '32-c3'),
(100000368, 'Karim', 'Ait Hamouda', '2010-03-02', 'Tlemcen', '32-c3'),
(100000369, 'Karim', 'Ait Ahmed', '2010-03-02', 'Saïda', '32-c3'),
(100000370, 'Ali', 'Cherif', '2003-12-05', 'Tamanrasset', '32-c3'),
(100000371, 'Amina', 'Cherif', '2006-09-02', 'Médéa', '32-c3'),
(100000372, 'Zahra', 'Ziane', '2005-02-09', 'Alger', '32-c4'),
(100000373, 'Younes', 'Cherif', '2002-08-18', 'Aïn Témouchent', '32-c4'),
(100000374, 'Fatima', 'Ait Ahmed', '2011-10-26', 'Souk Ahras', '33-c1'),
(100000375, 'Nour', 'Saidi', '2006-03-30', 'Constantine', '33-c1'),
(100000376, 'Mehdi', 'Ait Ahmed', '2004-10-02', 'El Tarf', '33-c1'),
(100000377, 'Sara', 'Ait Ahmed', '2005-11-05', 'Mascara', '33-c2'),
(100000378, 'Amina', 'Ait Hamouda', '2004-05-01', 'Biskra', '33-c2'),
(100000379, 'Fatima', 'Ziane', '2013-01-04', 'Boumerdès', '33-c3'),
(100000380, 'Zahra', 'Ait Ahmed', '2013-10-15', 'Tizi Ouzou', '33-c3'),
(100000381, 'Hakim', 'Boukhalfa', '2009-03-10', 'Souk Ahras', '33-c3'),
(100000382, 'Hakim', 'Ait Hamouda', '2009-09-15', 'Illizi', '33-c4'),
(100000383, 'Mehdi', 'Saidi', '2014-10-02', 'Ouargla', '33-c4'),
(100000384, 'Younes', 'Cherif', '2003-12-09', 'Bordj Bou Arréridj', '33-c4'),
(100000385, 'Amina', 'Ait Ahmed', '2014-05-09', 'Sidi Bel Abbès', '33-c4'),
(100000386, 'Karim', 'Cherif', '2011-05-02', 'Skikda', '33-c4'),
(100000387, 'Mehdi', 'Ziane', '2009-08-25', 'Illizi', '34-c1'),
(100000388, 'Amina', 'Boualem', '2008-01-17', 'Jijel', '34-c1'),
(100000389, 'Fatima', 'Cherif', '2004-05-05', 'Bordj Bou Arréridj', '34-c1'),
(100000390, 'Nour', 'Boukhalfa', '2004-09-10', 'Bouira', '34-c1'),
(100000391, 'Mehdi', 'Ait Hamouda', '2003-06-10', 'El Tarf', '34-c2'),
(100000392, 'Ali', 'Boukhalfa', '2006-12-29', 'Aïn Témouchent', '34-c2'),
(100000393, 'Karim', 'Cherif', '2002-09-17', 'Adrar', '34-c3'),
(100000394, 'Nour', 'Ait Hamouda', '2005-07-20', 'Biskra', '34-c3'),
(100000395, 'Karim', 'Ait Ahmed', '2004-12-25', 'Laghouat', '34-c4'),
(100000396, 'Karim', 'Ait Hamouda', '2006-09-10', 'El Oued', '34-c4'),
(100000397, 'Fatima', 'Bouazza', '2005-05-07', 'Béchar', '34-c4'),
(100000398, 'Zahra', 'Benamar', '2005-04-16', 'Bordj Bou Arréridj', '35-c1'),
(100000399, 'Zahra', 'Saidi', '2002-06-03', 'Tipaza', '35-c1'),
(100000400, 'Nour', 'Bouazza', '2012-06-20', 'Ghardaïa', '35-c1'),
(100000401, 'Mehdi', 'Boualem', '2004-12-07', 'Tébessa', '35-c1'),
(100000402, 'Amina', 'Bouazza', '2005-06-14', 'Tissemsilt', '35-c2'),
(100000403, 'Zahra', 'Bouazza', '2006-08-26', 'Tiaret', '35-c2'),
(100000404, 'Sara', 'Boukadoum', '2002-01-30', 'Ouargla', '35-c2'),
(100000405, 'Sara', 'Benamar', '2004-08-04', 'Guelma', '35-c2'),
(100000406, 'Sara', 'Boualem', '2007-03-21', 'Biskra', '35-c3'),
(100000407, 'Younes', 'Ziane', '2011-07-07', 'Béjaïa', '35-c3'),
(100000408, 'Mehdi', 'Ziane', '2004-09-24', 'Chlef', '35-c3'),
(100000409, 'Sara', 'Ait Hamouda', '2004-02-13', 'Tizi Ouzou', '35-c3'),
(100000410, 'Mehdi', 'Saidi', '2007-10-26', 'Bouira', '35-c3'),
(100000411, 'Ali', 'Bouazza', '2005-04-13', 'Khenchela', '35-c4'),
(100000412, 'Amina', 'Benamar', '2003-02-26', 'Chlef', '35-c4'),
(100000413, 'Nour', 'Bouazza', '2008-07-08', 'Sétif', '35-c4'),
(100000414, 'Karim', 'Cherif', '2007-04-14', 'Batna', '36-c1'),
(100000415, 'Ali', 'Bouazza', '2011-05-20', 'Chlef', '36-c1'),
(100000416, 'Hakim', 'Boukhalfa', '2007-01-30', 'Boumerdès', '36-c1'),
(100000417, 'Nour', 'Boukadoum', '2005-01-20', 'Tébessa', '36-c2'),
(100000418, 'Mehdi', 'Ait Hamouda', '2006-10-07', 'Boumerdès', '36-c2'),
(100000419, 'Zahra', 'Boukhalfa', '2012-09-04', 'Jijel', '36-c3'),
(100000420, 'Zahra', 'Cherif', '2003-06-13', 'Aïn Defla', '36-c3'),
(100000421, 'Nour', 'Ait Ahmed', '2013-04-13', 'M\'Sila', '36-c3'),
(100000422, 'Mehdi', 'Ait Ahmed', '2010-04-26', 'Tissemsilt', '36-c3'),
(100000423, 'Mehdi', 'Benamar', '2010-12-09', 'Mascara', '36-c4'),
(100000424, 'Younes', 'Saidi', '2004-09-06', 'Skikda', '36-c4'),
(100000425, 'Younes', 'Cherif', '2005-02-13', 'Oran', '36-c4'),
(100000426, 'Ali', 'Cherif', '2012-07-07', 'Relizane', '36-c4'),
(100000427, 'Amina', 'Benamar', '2008-10-22', 'Oran', '36-c4'),
(100000428, 'Nour', 'Bouazza', '2007-09-30', 'M\'Sila', '37-c1'),
(100000429, 'Nour', 'Ait Hamouda', '2003-06-19', 'Tindouf', '37-c1'),
(100000430, 'Ali', 'Ziane', '2005-07-30', 'Aïn Témouchent', '37-c1'),
(100000431, 'Fatima', 'Boukhalfa', '2013-07-01', 'Béjaïa', '37-c1'),
(100000432, 'Ali', 'Ait Ahmed', '2006-02-12', 'Bouira', '37-c1'),
(100000433, 'Zahra', 'Benamar', '2004-02-21', 'Médéa', '37-c2'),
(100000434, 'Zahra', 'Boualem', '2014-09-18', 'El Oued', '37-c2'),
(100000435, 'Ali', 'Boukhalfa', '2012-04-22', 'Biskra', '37-c2'),
(100000436, 'Zahra', 'Cherif', '2009-03-16', 'Chlef', '37-c3'),
(100000437, 'Ali', 'Boukhalfa', '2008-02-26', 'Aïn Defla', '37-c3'),
(100000438, 'Ali', 'Boualem', '2010-04-06', 'Béjaïa', '37-c3'),
(100000439, 'Hakim', 'Boualem', '2014-08-28', 'Sidi Bel Abbès', '37-c3'),
(100000440, 'Mehdi', 'Boukhalfa', '2012-06-24', 'Ouargla', '37-c4'),
(100000441, 'Mehdi', 'Ait Hamouda', '2002-03-09', 'Blida', '37-c4'),
(100000442, 'Amina', 'Boualem', '2003-01-14', 'Sétif', '37-c4'),
(100000443, 'Amina', 'Cherif', '2012-05-31', 'Blida', '37-c4'),
(100000444, 'Hakim', 'Ziane', '2006-10-09', 'Sidi Bel Abbès', '38-c1'),
(100000445, 'Amina', 'Boukadoum', '2010-03-16', 'Médéa', '38-c1'),
(100000446, 'Karim', 'Bouazza', '2009-08-29', 'Boumerdès', '38-c1'),
(100000447, 'Sara', 'Ait Ahmed', '2013-08-22', 'Bouira', '38-c1'),
(100000448, 'Younes', 'Saidi', '2003-03-09', 'Tissemsilt', '38-c1'),
(100000449, 'Ali', 'Cherif', '2011-12-06', 'Bordj Bou Arréridj', '38-c2'),
(100000450, 'Sara', 'Ziane', '2012-05-28', 'Khenchela', '38-c2'),
(100000451, 'Fatima', 'Ait Hamouda', '2003-11-06', 'Constantine', '38-c3'),
(100000452, 'Amina', 'Ziane', '2014-10-14', 'Mascara', '38-c3'),
(100000453, 'Ali', 'Boukadoum', '2005-12-08', 'Ghardaïa', '38-c3'),
(100000454, 'Fatima', 'Ait Hamouda', '2007-02-02', 'Laghouat', '38-c3'),
(100000455, 'Mehdi', 'Ait Hamouda', '2008-12-09', 'Oum El Bouaghi', '38-c4'),
(100000456, 'Sara', 'Ait Hamouda', '2002-01-12', 'Jijel', '38-c4'),
(100000457, 'Mehdi', 'Saidi', '2009-01-02', 'Souk Ahras', '38-c4'),
(100000458, 'Karim', 'Boualem', '2012-01-16', 'Sétif', '38-c4'),
(100000459, 'Fatima', 'Ait Ahmed', '2009-11-19', 'Ouargla', '38-c4'),
(100000460, 'Fatima', 'Boualem', '2003-09-26', 'Laghouat', '39-c1'),
(100000461, 'Ali', 'Bouazza', '2013-08-03', 'Annaba', '39-c1'),
(100000462, 'Mehdi', 'Boukhalfa', '2010-01-02', 'Sidi Bel Abbès', '39-c1'),
(100000463, 'Ali', 'Benamar', '2003-12-05', 'Médéa', '39-c2'),
(100000464, 'Karim', 'Boualem', '2011-08-01', 'Adrar', '39-c2'),
(100000465, 'Mehdi', 'Boukhalfa', '2013-10-27', 'Tébessa', '39-c2'),
(100000466, 'Ali', 'Boukhalfa', '2004-09-16', 'Aïn Témouchent', '39-c2'),
(100000467, 'Fatima', 'Ziane', '2006-09-03', 'Chlef', '39-c3'),
(100000468, 'Fatima', 'Ait Ahmed', '2004-11-06', 'Tizi Ouzou', '39-c3'),
(100000469, 'Nour', 'Cherif', '2013-04-24', 'El Tarf', '39-c3'),
(100000470, 'Sara', 'Ziane', '2007-08-31', 'Saïda', '39-c4'),
(100000471, 'Zahra', 'Boukadoum', '2013-06-08', 'Tissemsilt', '39-c4'),
(100000472, 'Younes', 'Saidi', '2012-06-13', 'Boumerdès', '4-c1'),
(100000473, 'Mehdi', 'Ait Ahmed', '2011-06-26', 'Mila', '4-c1'),
(100000474, 'Ali', 'Ait Hamouda', '2006-05-01', 'Sétif', '4-c1'),
(100000475, 'Karim', 'Boukhalfa', '2002-08-02', 'M\'Sila', '4-c1'),
(100000476, 'Karim', 'Boukhalfa', '2003-09-30', 'M\'Sila', '4-c1'),
(100000477, 'Younes', 'Benamar', '2006-12-30', 'Blida', '4-c2'),
(100000478, 'Fatima', 'Ait Ahmed', '2010-02-19', 'Aïn Témouchent', '4-c2'),
(100000479, 'Amina', 'Ait Hamouda', '2011-06-10', 'Sétif', '4-c2'),
(100000480, 'Amina', 'Saidi', '2014-02-14', 'Aïn Defla', '4-c2'),
(100000481, 'Karim', 'Boukhalfa', '2013-11-01', 'Souk Ahras', '4-c3'),
(100000482, 'Hakim', 'Ziane', '2004-12-01', 'Annaba', '4-c3'),
(100000483, 'Younes', 'Boukadoum', '2014-04-25', 'Béjaïa', '4-c3'),
(100000484, 'Ali', 'Benamar', '2014-05-09', 'Tébessa', '4-c4'),
(100000485, 'Sara', 'Cherif', '2003-07-10', 'Alger', '4-c4'),
(100000486, 'Karim', 'Benamar', '2003-10-03', 'Bordj Bou Arréridj', '4-c4'),
(100000487, 'Younes', 'Benamar', '2005-06-07', 'Jijel', '40-c1'),
(100000488, 'Younes', 'Ait Ahmed', '2012-01-22', 'Oran', '40-c1'),
(100000489, 'Amina', 'Saidi', '2010-04-21', 'Souk Ahras', '40-c1'),
(100000490, 'Hakim', 'Boukhalfa', '2013-12-02', 'Adrar', '40-c1'),
(100000491, 'Sara', 'Ziane', '2011-08-22', 'Bordj Bou Arréridj', '40-c2'),
(100000492, 'Karim', 'Benamar', '2008-09-20', 'Saïda', '40-c2'),
(100000493, 'Nour', 'Ziane', '2005-07-23', 'Laghouat', '40-c3'),
(100000494, 'Nour', 'Boualem', '2013-08-15', 'Tébessa', '40-c3'),
(100000495, 'Fatima', 'Benamar', '2006-08-31', 'Alger', '40-c3'),
(100000496, 'Amina', 'Ait Ahmed', '2009-07-12', 'Tiaret', '40-c3'),
(100000497, 'Karim', 'Saidi', '2011-05-27', 'Jijel', '40-c4'),
(100000498, 'Fatima', 'Boualem', '2012-10-17', 'Alger', '40-c4'),
(100000499, 'Fatima', 'Ait Hamouda', '2006-01-17', 'Naâma', '40-c4'),
(100000500, 'Hakim', 'Saidi', '2002-05-22', 'Bouira', '41-c1'),
(100000501, 'Mehdi', 'Boukhalfa', '2004-04-01', 'Tizi Ouzou', '41-c1'),
(100000502, 'Mehdi', 'Boualem', '2012-09-12', 'Constantine', '41-c2'),
(100000503, 'Ali', 'Benamar', '2013-11-06', 'Ghardaïa', '41-c2'),
(100000504, 'Hakim', 'Bouazza', '2014-08-27', 'Illizi', '41-c2'),
(100000505, 'Hakim', 'Ait Ahmed', '2005-07-15', 'Aïn Defla', '41-c3'),
(100000506, 'Hakim', 'Saidi', '2012-02-20', 'Naâma', '41-c3'),
(100000507, 'Hakim', 'Ziane', '2007-08-15', 'Tiaret', '41-c4'),
(100000508, 'Karim', 'Boukhalfa', '2008-06-03', 'M\'Sila', '41-c4'),
(100000509, 'Younes', 'Ziane', '2010-10-30', 'Alger', '42-c1'),
(100000510, 'Zahra', 'Cherif', '2004-08-29', 'Aïn Defla', '42-c1'),
(100000511, 'Mehdi', 'Ziane', '2011-02-14', 'Jijel', '42-c2'),
(100000512, 'Hakim', 'Ait Ahmed', '2011-03-11', 'Tipaza', '42-c2'),
(100000513, 'Hakim', 'Saidi', '2012-12-06', 'Tizi Ouzou', '42-c3'),
(100000514, 'Karim', 'Ziane', '2008-06-26', 'Sidi Bel Abbès', '42-c3'),
(100000515, 'Sara', 'Saidi', '2005-04-27', 'Ghardaïa', '42-c3'),
(100000516, 'Sara', 'Saidi', '2013-07-16', 'Blida', '42-c3'),
(100000517, 'Nour', 'Boukhalfa', '2010-06-25', 'M\'Sila', '42-c4'),
(100000518, 'Amina', 'Ait Hamouda', '2012-08-09', 'Sidi Bel Abbès', '42-c4'),
(100000519, 'Zahra', 'Boukhalfa', '2014-10-04', 'Djelfa', '42-c4'),
(100000520, 'Fatima', 'Ait Hamouda', '2009-11-04', 'Béjaïa', '42-c4'),
(100000521, 'Ali', 'Boukhalfa', '2002-12-19', 'Bordj Bou Arréridj', '42-c4'),
(100000522, 'Fatima', 'Ziane', '2007-07-18', 'Sidi Bel Abbès', '43-c1'),
(100000523, 'Younes', 'Ziane', '2011-11-19', 'Blida', '43-c1'),
(100000524, 'Zahra', 'Benamar', '2006-03-04', 'Chlef', '43-c2'),
(100000525, 'Fatima', 'Ait Hamouda', '2009-04-03', 'Blida', '43-c2'),
(100000526, 'Zahra', 'Boualem', '2007-05-10', 'Béchar', '43-c3'),
(100000527, 'Mehdi', 'Bouazza', '2005-11-08', 'Guelma', '43-c3'),
(100000528, 'Ali', 'Boukadoum', '2003-10-22', 'Batna', '43-c3'),
(100000529, 'Ali', 'Saidi', '2002-12-23', 'Béjaïa', '43-c3'),
(100000530, 'Amina', 'Boualem', '2006-12-15', 'Tlemcen', '43-c4'),
(100000531, 'Fatima', 'Benamar', '2013-12-12', 'M\'Sila', '43-c4'),
(100000532, 'Sara', 'Boukhalfa', '2007-06-21', 'Batna', '44-c1'),
(100000533, 'Ali', 'Boukhalfa', '2010-10-18', 'Oran', '44-c1'),
(100000534, 'Fatima', 'Cherif', '2009-07-21', 'El Bayadh', '44-c1'),
(100000535, 'Fatima', 'Benamar', '2007-04-16', 'Bouira', '44-c2'),
(100000536, 'Nour', 'Benamar', '2014-11-19', 'Khenchela', '44-c2'),
(100000537, 'Hakim', 'Ait Hamouda', '2009-04-06', 'Ghardaïa', '44-c3'),
(100000538, 'Mehdi', 'Saidi', '2004-11-12', 'Tindouf', '44-c3'),
(100000539, 'Zahra', 'Boukhalfa', '2005-06-03', 'Mostaganem', '44-c3'),
(100000540, 'Younes', 'Ziane', '2010-11-30', 'Alger', '44-c4'),
(100000541, 'Mehdi', 'Ziane', '2002-04-29', 'Naâma', '44-c4'),
(100000542, 'Mehdi', 'Ait Hamouda', '2008-04-08', 'Adrar', '45-c1'),
(100000543, 'Karim', 'Saidi', '2003-07-15', 'Djelfa', '45-c1'),
(100000544, 'Hakim', 'Bouazza', '2013-07-17', 'Jijel', '45-c1'),
(100000545, 'Karim', 'Ait Ahmed', '2004-03-05', 'Tamanrasset', '45-c2'),
(100000546, 'Sara', 'Benamar', '2006-10-03', 'Laghouat', '45-c2'),
(100000547, 'Hakim', 'Boualem', '2007-05-05', 'Tamanrasset', '45-c2'),
(100000548, 'Hakim', 'Boukadoum', '2002-12-08', 'El Oued', '45-c2'),
(100000549, 'Ali', 'Bouazza', '2013-04-15', 'El Bayadh', '45-c2'),
(100000550, 'Younes', 'Boukadoum', '2007-04-28', 'Ouargla', '45-c3'),
(100000551, 'Fatima', 'Ait Hamouda', '2006-08-12', 'Chlef', '45-c3'),
(100000552, 'Fatima', 'Benamar', '2007-11-20', 'Mostaganem', '45-c3'),
(100000553, 'Sara', 'Boukhalfa', '2005-12-28', 'Jijel', '45-c3'),
(100000554, 'Nour', 'Cherif', '2005-01-12', 'Béchar', '45-c3'),
(100000555, 'Hakim', 'Cherif', '2013-11-28', 'Aïn Defla', '45-c4'),
(100000556, 'Amina', 'Ait Hamouda', '2007-06-15', 'Guelma', '45-c4'),
(100000557, 'Nour', 'Saidi', '2004-12-09', 'Chlef', '46-c1'),
(100000558, 'Zahra', 'Ait Ahmed', '2008-03-15', 'Tiaret', '46-c1'),
(100000559, 'Hakim', 'Boukhalfa', '2002-01-26', 'Aïn Defla', '46-c1'),
(100000560, 'Zahra', 'Bouazza', '2007-01-25', 'Mostaganem', '46-c2'),
(100000561, 'Karim', 'Bouazza', '2007-05-04', 'M\'Sila', '46-c2'),
(100000562, 'Hakim', 'Saidi', '2012-01-13', 'Souk Ahras', '46-c2'),
(100000563, 'Zahra', 'Bouazza', '2008-09-16', 'Naâma', '46-c2'),
(100000564, 'Fatima', 'Ziane', '2014-03-15', 'Tindouf', '46-c3'),
(100000565, 'Fatima', 'Boukhalfa', '2004-10-29', 'Naâma', '46-c3'),
(100000566, 'Fatima', 'Ziane', '2005-10-08', 'Laghouat', '46-c3'),
(100000567, 'Mehdi', 'Boukadoum', '2005-05-25', 'Blida', '46-c3'),
(100000568, 'Nour', 'Bouazza', '2006-07-02', 'Blida', '46-c4'),
(100000569, 'Amina', 'Ait Ahmed', '2003-05-01', 'Ouargla', '46-c4'),
(100000570, 'Younes', 'Ait Hamouda', '2008-11-10', 'Relizane', '46-c4'),
(100000571, 'Younes', 'Cherif', '2005-12-10', 'El Bayadh', '47-c1'),
(100000572, 'Fatima', 'Ziane', '2003-05-30', 'Ouargla', '47-c1'),
(100000573, 'Mehdi', 'Boualem', '2004-05-15', 'Souk Ahras', '47-c1'),
(100000574, 'Mehdi', 'Boukadoum', '2011-08-14', 'Mascara', '47-c2'),
(100000575, 'Fatima', 'Ait Hamouda', '2002-07-09', 'Relizane', '47-c2'),
(100000576, 'Ali', 'Boukadoum', '2008-08-25', 'Tiaret', '47-c3'),
(100000577, 'Zahra', 'Saidi', '2012-07-11', 'Mascara', '47-c3'),
(100000578, 'Zahra', 'Ait Ahmed', '2014-12-29', 'Jijel', '47-c3'),
(100000579, 'Mehdi', 'Ziane', '2008-02-23', 'Tindouf', '47-c3'),
(100000580, 'Nour', 'Saidi', '2008-06-02', 'Tébessa', '47-c4'),
(100000581, 'Karim', 'Ait Ahmed', '2006-08-05', 'Oran', '47-c4'),
(100000582, 'Karim', 'Cherif', '2005-11-22', 'Bouira', '48-c1'),
(100000583, 'Amina', 'Bouazza', '2004-05-29', 'Mila', '48-c1'),
(100000584, 'Amina', 'Ait Ahmed', '2003-09-06', 'Mostaganem', '48-c1'),
(100000585, 'Younes', 'Benamar', '2011-12-27', 'Skikda', '48-c1'),
(100000586, 'Ali', 'Benamar', '2004-02-17', 'Mostaganem', '48-c1'),
(100000587, 'Ali', 'Ait Ahmed', '2008-09-06', 'Tipaza', '48-c2'),
(100000588, 'Nour', 'Cherif', '2014-07-17', 'Tlemcen', '48-c2'),
(100000589, 'Fatima', 'Boukadoum', '2005-05-11', 'Constantine', '48-c2'),
(100000590, 'Nour', 'Boukhalfa', '2004-10-28', 'Saïda', '48-c2'),
(100000591, 'Mehdi', 'Boukhalfa', '2008-01-24', 'Saïda', '48-c2'),
(100000592, 'Nour', 'Boukadoum', '2010-05-09', 'Tébessa', '48-c3'),
(100000593, 'Amina', 'Ait Hamouda', '2011-01-20', 'Ghardaïa', '48-c3'),
(100000594, 'Nour', 'Ait Ahmed', '2003-06-22', 'Tizi Ouzou', '48-c3'),
(100000595, 'Ali', 'Ait Hamouda', '2006-08-05', 'Tamanrasset', '48-c4'),
(100000596, 'Nour', 'Ait Ahmed', '2014-04-24', 'Tiaret', '48-c4'),
(100000597, 'Sara', 'Benamar', '2005-01-28', 'Blida', '48-c4'),
(100000598, 'Younes', 'Benamar', '2009-04-10', 'Ouargla', '5-c1'),
(100000599, 'Younes', 'Boukadoum', '2008-07-06', 'Batna', '5-c1'),
(100000600, 'Karim', 'Ziane', '2005-10-07', 'Sétif', '5-c1'),
(100000601, 'Hakim', 'Benamar', '2003-02-13', 'Tizi Ouzou', '5-c1'),
(100000602, 'Karim', 'Bouazza', '2006-12-29', 'El Tarf', '5-c2'),
(100000603, 'Zahra', 'Boukadoum', '2009-01-05', 'Sétif', '5-c2'),
(100000604, 'Sara', 'Ziane', '2013-01-07', 'Adrar', '5-c2'),
(100000605, 'Mehdi', 'Cherif', '2012-02-04', 'Boumerdès', '5-c3'),
(100000606, 'Hakim', 'Boukhalfa', '2007-10-02', 'Sétif', '5-c3'),
(100000607, 'Karim', 'Benamar', '2013-10-03', 'Djelfa', '5-c3'),
(100000608, 'Ali', 'Boukadoum', '2009-07-23', 'Mascara', '5-c3'),
(100000609, 'Karim', 'Boukadoum', '2008-02-22', 'Skikda', '5-c3'),
(100000610, 'Mehdi', 'Cherif', '2005-12-20', 'Tlemcen', '5-c4'),
(100000611, 'Fatima', 'Boukhalfa', '2008-12-09', 'Mascara', '5-c4'),
(100000612, 'Amina', 'Ait Ahmed', '2002-04-22', 'Oum El Bouaghi', '6-c1'),
(100000613, 'Fatima', 'Boualem', '2003-03-10', 'Skikda', '6-c1'),
(100000614, 'Nour', 'Bouazza', '2011-01-27', 'Mila', '6-c2'),
(100000615, 'Amina', 'Boukhalfa', '2007-11-01', 'Adrar', '6-c2'),
(100000616, 'Mehdi', 'Ziane', '2011-04-25', 'El Oued', '6-c2'),
(100000617, 'Zahra', 'Bouazza', '2004-12-24', 'Tébessa', '6-c2'),
(100000618, 'Fatima', 'Saidi', '2011-01-11', 'Constantine', '6-c2'),
(100000619, 'Hakim', 'Boukhalfa', '2002-01-07', 'Tébessa', '6-c3'),
(100000620, 'Fatima', 'Boukadoum', '2002-10-06', 'Ghardaïa', '6-c3'),
(100000621, 'Amina', 'Boukadoum', '2005-09-18', 'Tlemcen', '6-c3'),
(100000622, 'Zahra', 'Saidi', '2012-04-16', 'El Bayadh', '6-c3'),
(100000623, 'Zahra', 'Bouazza', '2010-06-13', 'Boumerdès', '6-c4'),
(100000624, 'Nour', 'Saidi', '2005-04-09', 'Boumerdès', '6-c4'),
(100000625, 'Sara', 'Bouazza', '2013-01-16', 'Béjaïa', '6-c4'),
(100000626, 'Younes', 'Bouazza', '2013-07-12', 'Mila', '6-c4'),
(100000627, 'Karim', 'Boukhalfa', '2011-04-18', 'Relizane', '6-c4'),
(100000628, 'Mehdi', 'Boualem', '2013-06-28', 'Annaba', '7-c1'),
(100000629, 'Amina', 'Boualem', '2006-11-20', 'Saïda', '7-c1'),
(100000630, 'Karim', 'Ait Ahmed', '2005-03-09', 'El Tarf', '7-c2'),
(100000631, 'Karim', 'Ait Ahmed', '2013-04-08', 'Aïn Defla', '7-c2'),
(100000632, 'Mehdi', 'Ziane', '2002-01-25', 'M\'Sila', '7-c3'),
(100000633, 'Nour', 'Bouazza', '2005-01-26', 'Alger', '7-c3'),
(100000634, 'Sara', 'Boukhalfa', '2014-12-10', 'Adrar', '7-c4'),
(100000635, 'Karim', 'Boukhalfa', '2008-02-16', 'Chlef', '7-c4'),
(100000636, 'Mehdi', 'Saidi', '2014-03-14', 'Laghouat', '7-c4'),
(100000637, 'Zahra', 'Saidi', '2008-05-19', 'Tindouf', '8-c1'),
(100000638, 'Ali', 'Ait Hamouda', '2006-11-21', 'El Bayadh', '8-c1'),
(100000639, 'Karim', 'Ait Ahmed', '2004-09-22', 'Adrar', '8-c1'),
(100000640, 'Zahra', 'Benamar', '2009-06-25', 'Tébessa', '8-c1'),
(100000641, 'Karim', 'Cherif', '2007-08-03', 'Sidi Bel Abbès', '8-c2'),
(100000642, 'Mehdi', 'Ait Ahmed', '2013-07-27', 'Biskra', '8-c2'),
(100000643, 'Karim', 'Benamar', '2004-06-07', 'Skikda', '8-c3'),
(100000644, 'Ali', 'Ziane', '2013-12-01', 'Ouargla', '8-c3'),
(100000645, 'Nour', 'Ait Ahmed', '2012-12-02', 'Sétif', '8-c4'),
(100000646, 'Ali', 'Ait Ahmed', '2011-04-27', 'Khenchela', '8-c4'),
(100000647, 'Sara', 'Ait Ahmed', '2014-11-16', 'Skikda', '8-c4'),
(100000648, 'Younes', 'Ziane', '2009-07-26', 'Oum El Bouaghi', '8-c4'),
(100000649, 'Zahra', 'Saidi', '2007-05-08', 'Annaba', '9-c1'),
(100000650, 'Ali', 'Boukhalfa', '2009-06-13', 'Tipaza', '9-c1'),
(100000651, 'Younes', 'Saidi', '2004-04-25', 'Bouira', '9-c1'),
(100000652, 'Karim', 'Ait Hamouda', '2010-08-10', 'Mila', '9-c1'),
(100000653, 'Ali', 'Boualem', '2011-05-27', 'Tlemcen', '9-c2'),
(100000654, 'Karim', 'Ait Ahmed', '2003-01-10', 'Tindouf', '9-c2'),
(100000655, 'Hakim', 'Boualem', '2013-08-07', 'Mascara', '9-c3'),
(100000656, 'Mehdi', 'Boukhalfa', '2007-05-21', 'Mila', '9-c3'),
(100000657, 'Mehdi', 'Ziane', '2008-09-07', 'Jijel', '9-c3'),
(100000658, 'Amina', 'Ait Hamouda', '2003-04-16', 'Tébessa', '9-c3'),
(100000659, 'Fatima', 'Boukhalfa', '2007-01-20', 'Biskra', '9-c4'),
(100000660, 'Sara', 'Boukadoum', '2013-01-05', 'Tindouf', '9-c4'),
(100000661, 'Sara', 'Boukhalfa', '2010-02-27', 'Khenchela', '9-c4'),
(100000662, 'Zahra', 'Ait Ahmed', '2002-06-22', 'Bouira', '9-c4');

-- --------------------------------------------------------

--
-- Structure de la table `login_attempts`
--

DROP TABLE IF EXISTS `login_attempts`;
CREATE TABLE IF NOT EXISTS `login_attempts` (
  `id` int UNSIGNED NOT NULL AUTO_INCREMENT,
  `user_id` varchar(25) NOT NULL,
  `attempts` int NOT NULL DEFAULT '0',
  `last_attempt_time` datetime NOT NULL,
  PRIMARY KEY (`id`),
  UNIQUE KEY `unique_user_id` (`user_id`)
) ENGINE=MyISAM AUTO_INCREMENT=47 DEFAULT CHARSET=utf8mb4 COLLATE=utf8mb4_0900_ai_ci;

-- --------------------------------------------------------

--
-- Structure de la table `maladie`
--

DROP TABLE IF EXISTS `maladie`;
CREATE TABLE IF NOT EXISTS `maladie` (
  `nom_maladie` varchar(50) CHARACTER SET utf8mb4 COLLATE utf8mb4_0900_ai_ci NOT NULL,
  `id_visite` int NOT NULL,
  `id_maladie` varchar(50) CHARACTER SET utf8mb4 COLLATE utf8mb4_0900_ai_ci NOT NULL,
  PRIMARY KEY (`id_maladie`),
  KEY `id_visite` (`id_visite`)
) ENGINE=InnoDB DEFAULT CHARSET=utf8mb4 COLLATE=utf8mb4_0900_ai_ci;

--
-- Déchargement des données de la table `maladie`
--

INSERT INTO `maladie` (`nom_maladie`, `id_visite`, `id_maladie`) VALUES
('digestif', 61, '61_digestif'),
('endocrinien', 61, '61_endocrinien'),
('neurologique', 61, '61_neurologique'),
('urinaire', 61, '61_urinaire'),
('genital', 62, '62_genital'),
('neurologique', 62, '62_neurologique'),
('peau', 62, '62_peau'),
('urinaire', 62, '62_urinaire'),
('endocrinien', 63, '63_endocrinien'),
('neurologique', 63, '63_neurologique'),
('rachis', 63, '63_rachis'),
('urinaire', 63, '63_urinaire');

-- --------------------------------------------------------

--
-- Structure de la table `visites`
--

DROP TABLE IF EXISTS `visites`;
CREATE TABLE IF NOT EXISTS `visites` (
  `id_visite` int NOT NULL AUTO_INCREMENT,
  `date_visite` date DEFAULT NULL,
  `id_etudiant` int DEFAULT NULL,
  `height` int DEFAULT NULL,
  `weight` int DEFAULT NULL,
  `id_docteur` varchar(6) NOT NULL,
  `type_visite` varchar(30) NOT NULL,
  `age` int DEFAULT NULL,
  `visuelle_OD` int DEFAULT NULL,
  `visuelle_OG` int DEFAULT NULL,
  `tention` int DEFAULT NULL,
  PRIMARY KEY (`id_visite`),
  KEY `id_docteur` (`id_docteur`),
  KEY `id_etudiant` (`id_etudiant`)
) ENGINE=InnoDB AUTO_INCREMENT=64 DEFAULT CHARSET=utf8mb4 COLLATE=utf8mb4_0900_ai_ci;

--
-- Déchargement des données de la table `visites`
--

INSERT INTO `visites` (`id_visite`, `date_visite`, `id_etudiant`, `height`, `weight`, `id_docteur`, `type_visite`, `age`, `visuelle_OD`, `visuelle_OG`, `tention`) VALUES
(61, '2023-05-15', 100000157, 4, 5, 'mg0', 'generaliste', 12, 4, 4, 6),
(62, '2023-05-15', 100000158, 2, 3, 'mg0', 'generaliste', 1, 5, 6, 4),
(63, '2023-05-15', 100000159, 6, 4, 'mg0', 'generaliste', 4, 4, 4, 4);

-- --------------------------------------------------------

--
-- Structure de la table `wilaya`
--

DROP TABLE IF EXISTS `wilaya`;
CREATE TABLE IF NOT EXISTS `wilaya` (
  `nom_wilaya` varchar(50) NOT NULL,
  `num_wilaya` int NOT NULL,
  PRIMARY KEY (`num_wilaya`)
) ENGINE=InnoDB DEFAULT CHARSET=utf8mb4 COLLATE=utf8mb4_0900_ai_ci;

--
-- Déchargement des données de la table `wilaya`
--

INSERT INTO `wilaya` (`nom_wilaya`, `num_wilaya`) VALUES
('Adrar', 1),
('Chlef', 2),
('Laghouat', 3),
('Oum El Bouaghi', 4),
('Batna', 5),
('Béjaïa', 6),
('Biskra', 7),
('Béchar', 8),
('Blida', 9),
('Bouira', 10),
('Tamanrasset', 11),
('Tébessa', 12),
('Tlemcen', 13),
('Tiaret', 14),
('Tizi Ouzou', 15),
('Alger', 16),
('Djelfa', 17),
('Jijel', 18),
('Sétif', 19),
('Saïda', 20),
('Skikda', 21),
('Sidi Bel Abbès', 22),
('Annaba', 23),
('Guelma', 24),
('Constantine', 25),
('Médéa', 26),
('Mostaganem', 27),
('MSila', 28),
('Mascara', 29),
('Ouargla', 30),
('Oran', 31),
('El Bayadh', 32),
('Illizi', 33),
('Bordj Bou Arréridj', 34),
('Boumerdès', 35),
('El Tarf', 36),
('Tindouf', 37),
('Tissemsilt', 38),
('El Oued', 39),
('Khenchela', 40),
('Souk Ahras', 41),
('Tipaza', 42),
('Mila', 43),
('Aïn Defla', 44),
('Naâma', 45),
('Aïn Témouchent', 46),
('Ghardaïa', 47),
('Relizane', 48);

--
-- Contraintes pour les tables déchargées
--

--
-- Contraintes pour la table `classe`
--
ALTER TABLE `classe`
  ADD CONSTRAINT `classe_ibfk_1` FOREIGN KEY (`id_ecole`) REFERENCES `ecole` (`id_ecole`);

--
-- Contraintes pour la table `dds`
--
ALTER TABLE `dds`
  ADD CONSTRAINT `dds_ibfk_1` FOREIGN KEY (`num_wilaya`) REFERENCES `wilaya` (`num_wilaya`);

--
-- Contraintes pour la table `dent`
--
ALTER TABLE `dent`
  ADD CONSTRAINT `dent_ibfk_1` FOREIGN KEY (`id_visite`) REFERENCES `visites` (`id_visite`);

--
-- Contraintes pour la table `directeurs`
--
ALTER TABLE `directeurs`
  ADD CONSTRAINT `directeurs_ibfk_1` FOREIGN KEY (`id_ecole`) REFERENCES `ecole` (`id_ecole`);

--
-- Contraintes pour la table `docteurs`
--
ALTER TABLE `docteurs`
  ADD CONSTRAINT `docteurs_ibfk_1` FOREIGN KEY (`id_dds`) REFERENCES `dds` (`id_dds`);

--
-- Contraintes pour la table `ecole`
--
ALTER TABLE `ecole`
  ADD CONSTRAINT `ecole_ibfk_1` FOREIGN KEY (`id_dds`) REFERENCES `dds` (`id_dds`);

--
-- Contraintes pour la table `etudiant`
--
ALTER TABLE `etudiant`
  ADD CONSTRAINT `etudiant_ibfk_1` FOREIGN KEY (`id_classe`) REFERENCES `classe` (`id_classe`);

--
-- Contraintes pour la table `maladie`
--
ALTER TABLE `maladie`
  ADD CONSTRAINT `maladie_ibfk_1` FOREIGN KEY (`id_visite`) REFERENCES `visites` (`id_visite`);

--
-- Contraintes pour la table `visites`
--
ALTER TABLE `visites`
  ADD CONSTRAINT `visites_ibfk_2` FOREIGN KEY (`id_docteur`) REFERENCES `docteurs` (`id_docteur`),
  ADD CONSTRAINT `visites_ibfk_3` FOREIGN KEY (`id_etudiant`) REFERENCES `etudiant` (`id_etudiant`);
COMMIT;

/*!40101 SET CHARACTER_SET_CLIENT=@OLD_CHARACTER_SET_CLIENT */;
/*!40101 SET CHARACTER_SET_RESULTS=@OLD_CHARACTER_SET_RESULTS */;
/*!40101 SET COLLATION_CONNECTION=@OLD_COLLATION_CONNECTION */;
